,juego,Genre(s)
0,Injustice 2,Action
0,Injustice 2,Fighting
0,Injustice 2,2D
1,Saints Row,Action Adventure
1,Saints Row,Open-World
2,Shenmue III,Action Adventure
2,Shenmue III,Open-World
4,Assassin's Creed Valhalla,Action Adventure
4,Assassin's Creed Valhalla,Open-World
6,Planet Coaster,Strategy
6,Planet Coaster,Management
6,Planet Coaster,Business / Tycoon
7,DOOM Eternal,Action
7,DOOM Eternal,Shooter
7,DOOM Eternal,First-Person
7,DOOM Eternal,Arcade
9,Madden NFL 20,Action
9,Madden NFL 20,Sports
9,Madden NFL 20,General
9,Madden NFL 20,Team
9,Madden NFL 20,Football
9,Madden NFL 20,Sim
10,Tales of Arise,Role-Playing
10,Tales of Arise,Japanese-Style
12,Twelve Minutes,Adventure
12,Twelve Minutes,General
12,Twelve Minutes,Point-and-Click
14,The Evil Within 2,Action Adventure
14,The Evil Within 2,Survival
15,Dragon's Dogma: Dark Arisen,Role-Playing
15,Dragon's Dogma: Dark Arisen,Action RPG
16,Battlefield V,Action
16,Battlefield V,Shooter
16,Battlefield V,First-Person
16,Battlefield V,Tactical
17,The Crew 2,Racing
17,The Crew 2,Simulation
17,The Crew 2,Automobile
19,Stardew Valley,General
19,Stardew Valley,Role-Playing
21,The Elder Scrolls Online,First-Person
21,The Elder Scrolls Online,Role-Playing
21,The Elder Scrolls Online,Massively Multiplayer Online
21,The Elder Scrolls Online,Massively Multiplayer
21,The Elder Scrolls Online,Fantasy
22,Total War: Three Kingdoms,Strategy
22,Total War: Three Kingdoms,Real-Time
22,Total War: Three Kingdoms,General
23,Yakuza 0,Action Adventure
23,Yakuza 0,Open-World
25,DOOM,Sci-Fi
25,DOOM,Action
25,DOOM,Shooter
25,DOOM,First-Person
25,DOOM,Third-Person
25,DOOM,Arcade
26,RAGE 2,Action
26,RAGE 2,Shooter
26,RAGE 2,First-Person
26,RAGE 2,Arcade
28,Call of Duty: Black Ops Cold War,Action
28,Call of Duty: Black Ops Cold War,Shooter
28,Call of Duty: Black Ops Cold War,First-Person
28,Call of Duty: Black Ops Cold War,Tactical
29,Dark Souls II: Scholar of the First Sin,Role-Playing
29,Dark Souls II: Scholar of the First Sin,Action RPG
30,Tropico 6,Strategy
30,Tropico 6,Management
30,Tropico 6,Government
31,Heroes of Newerth,Strategy
31,Heroes of Newerth,Real-Time
31,Heroes of Newerth,Fantasy
31,Heroes of Newerth,MOBA
32,Persona 5 Royal,Role-Playing
32,Persona 5 Royal,Japanese-Style
33,Heroes of the Storm,Action
33,Heroes of the Storm,Strategy
33,Heroes of the Storm,Real-Time
33,Heroes of the Storm,General
33,Heroes of the Storm,MOBA
34,Days Gone,Action Adventure
34,Days Gone,Open-World
35,Wreckfest,Driving
35,Wreckfest,General
35,Wreckfest,Racing
35,Wreckfest,Arcade
35,Wreckfest,Automobile
36,Terraria,Action
36,Terraria,Action Adventure
36,Terraria,Platformer
36,Terraria,Sandbox
36,Terraria,2D
37,NBA 2K19,Arcade
37,NBA 2K19,Sports
37,NBA 2K19,Team
37,NBA 2K19,Basketball
37,NBA 2K19,Sim
39,Rocket League,Sports
39,Rocket League,Racing
39,Rocket League,Team
39,Rocket League,Soccer
39,Rocket League,Futuristic
39,Rocket League,Arcade
41,Cuphead,Action
41,Cuphead,Platformer
41,Cuphead,2D
43,Tom Clancy's The Division 2,First-Person
43,Tom Clancy's The Division 2,Action
43,Tom Clancy's The Division 2,Shooter
43,Tom Clancy's The Division 2,Third-Person
43,Tom Clancy's The Division 2,Tactical
44,Rise of the Tomb Raider,Action Adventure
44,Rise of the Tomb Raider,General
44,Rise of the Tomb Raider,Linear
46,Tom Clancy's The Division,Shooter
46,Tom Clancy's The Division,Modern
46,Tom Clancy's The Division,Action
46,Tom Clancy's The Division,Third-Person
46,Tom Clancy's The Division,Tactical
46,Tom Clancy's The Division,Arcade
48,Mass Effect,Role-Playing
48,Mass Effect,Action RPG
48,Mass Effect,Console-style RPG
48,Mass Effect,Japanese-Style
48,Mass Effect,Western-Style
51,The Witcher 3: Wild Hunt,Action RPG
51,The Witcher 3: Wild Hunt,Role-Playing
53,Control,Action Adventure
53,Control,General
54,Homefront: The Revolution,Shooter
54,Homefront: The Revolution,Modern
54,Homefront: The Revolution,Action
54,Homefront: The Revolution,First-Person
54,Homefront: The Revolution,Arcade
56,Life is Strange: Before the Storm,Action Adventure
56,Life is Strange: Before the Storm,General
57,Shadow of the Tomb Raider,Action Adventure
57,Shadow of the Tomb Raider,General
58,World of Warcraft,Role-Playing
58,World of Warcraft,Miscellaneous
58,World of Warcraft,Massively Multiplayer Online
58,World of Warcraft,Massively Multiplayer
58,World of Warcraft,Board / Card Game
58,World of Warcraft,Fantasy
59,The Elder Scrolls V: Skyrim,Role-Playing
59,The Elder Scrolls V: Skyrim,First-Person
59,The Elder Scrolls V: Skyrim,Western-Style
61,League of Legends,Role-Playing
61,League of Legends,Strategy
61,League of Legends,Action RPG
61,League of Legends,Real-Time
61,League of Legends,MOBA
64,Call of Duty: Ghosts,Action
64,Call of Duty: Ghosts,Shooter
64,Call of Duty: Ghosts,First-Person
64,Call of Duty: Ghosts,Modern
64,Call of Duty: Ghosts,Arcade
65,Back 4 Blood,Action Adventure
65,Back 4 Blood,Survival
65,Back 4 Blood,Action
65,Back 4 Blood,Shooter
65,Back 4 Blood,First-Person
65,Back 4 Blood,Arcade
66,Black Mesa,Action
66,Black Mesa,Shooter
66,Black Mesa,First-Person
66,Black Mesa,Sci-Fi
66,Black Mesa,Arcade
67,Mortal Kombat X,Action
67,Mortal Kombat X,Fighting
67,Mortal Kombat X,2D
67,Mortal Kombat X,3D
68,Undertale,Role-Playing
68,Undertale,General
68,Undertale,Japanese-Style
70,Mass Effect Legendary Edition,Miscellaneous
70,Mass Effect Legendary Edition,Compilation
71,Dauntless,Role-Playing
71,Dauntless,Action RPG
72,Mutant Year Zero: Road to Eden,Strategy
72,Mutant Year Zero: Road to Eden,Turn-Based
72,Mutant Year Zero: Road to Eden,Tactics
74,Outlast,Horror
74,Outlast,Action Adventure
74,Outlast,Survival
75,Road 96,Adventure
75,Road 96,3D
75,Road 96,First-Person
76,Vampyr,Role-Playing
76,Vampyr,General
76,Vampyr,Action RPG
77,ArcheAge,Role-Playing
77,ArcheAge,Massively Multiplayer Online
77,ArcheAge,Massively Multiplayer
77,ArcheAge,Fantasy
78,Trackmania,Racing
78,Trackmania,Arcade
78,Trackmania,Automobile
79,NBA 2K18,Sports
79,NBA 2K18,Team
79,NBA 2K18,Basketball
79,NBA 2K18,Sim
80,South Park: The Fractured But Whole,Role-Playing
80,South Park: The Fractured But Whole,General
81,Pillars of Eternity,PC-style RPG
81,Pillars of Eternity,Third-Person
81,Pillars of Eternity,Role-Playing
81,Pillars of Eternity,Western-Style
82,Legends of Runeterra,Strategy
82,Legends of Runeterra,Turn-Based
82,Legends of Runeterra,Card Battle
83,Slay the Spire,Strategy
83,Slay the Spire,Turn-Based
83,Slay the Spire,Card Battle
85,Kerbal Space Program,Sci-Fi
85,Kerbal Space Program,Small Spaceship
85,Kerbal Space Program,Simulation
85,Kerbal Space Program,Space
85,Kerbal Space Program,Combat
85,Kerbal Space Program,Civilian
87,Halo: The Master Chief Collection,Action
87,Halo: The Master Chief Collection,Miscellaneous
87,Halo: The Master Chief Collection,Shooter
87,Halo: The Master Chief Collection,Compilation
87,Halo: The Master Chief Collection,First-Person
87,Halo: The Master Chief Collection,Arcade
89,FIFA 20,Sports
89,FIFA 20,Team
89,FIFA 20,Soccer
89,FIFA 20,Sim
93,Age of Empires II: Definitive Edition,Strategy
93,Age of Empires II: Definitive Edition,Real-Time
93,Age of Empires II: Definitive Edition,Command
95,Darksiders III,Action Adventure
95,Darksiders III,Open-World
96,Spelunky 2,Action
96,Spelunky 2,Platformer
96,Spelunky 2,2D
99,Fallout 76,Role-Playing
99,Fallout 76,Western-Style
100,FIFA 21,Sports
100,FIFA 21,Team
100,FIFA 21,Soccer
100,FIFA 21,Sim
101,Prey,General
101,Prey,Action
101,Prey,Role-Playing
101,Prey,Shooter
101,Prey,Action RPG
101,Prey,First-Person
101,Prey,Arcade
102,Dragon Ball: Xenoverse 2,Action
102,Dragon Ball: Xenoverse 2,Fighting
102,Dragon Ball: Xenoverse 2,3D
104,Call of Duty: Black Ops III,Action
104,Call of Duty: Black Ops III,Shooter
104,Call of Duty: Black Ops III,First-Person
104,Call of Duty: Black Ops III,Arcade
106,Final Fantasy IX,Role-Playing
106,Final Fantasy IX,Japanese-Style
107,Battlefield 1,General
107,Battlefield 1,Action
107,Battlefield 1,Shooter
107,Battlefield 1,First-Person
107,Battlefield 1,Tactical
108,Left 4 Dead 2,Action
108,Left 4 Dead 2,Shooter
108,Left 4 Dead 2,First-Person
108,Left 4 Dead 2,Sci-Fi
108,Left 4 Dead 2,Tactical
109,ReCore,Action Adventure
109,ReCore,General
111,Trials Rising,Racing
111,Trials Rising,Arcade
111,Trials Rising,Automobile
112,Biomutant,Role-Playing
112,Biomutant,Action RPG
113,The Dark Pictures Anthology: Little Hope,Action Adventure
113,The Dark Pictures Anthology: Little Hope,Survival
114,Lost Judgment,Action Adventure
114,Lost Judgment,Open-World
116,Call of Duty: Infinite Warfare,Action
116,Call of Duty: Infinite Warfare,Shooter
116,Call of Duty: Infinite Warfare,First-Person
116,Call of Duty: Infinite Warfare,Tactical
117,Resident Evil 4,Action Adventure
117,Resident Evil 4,Survival
119,FIFA 22,Sports
119,FIFA 22,Team
119,FIFA 22,Soccer
119,FIFA 22,Sim
120,God of War,Action Adventure
120,God of War,Linear
121,Blair Witch,Action Adventure
121,Blair Witch,Survival
125,Batman: The Telltale Series,Adventure
125,Batman: The Telltale Series,Point-and-Click
126,Ancestors: The Humankind Odyssey,Action Adventure
126,Ancestors: The Humankind Odyssey,General
126,Ancestors: The Humankind Odyssey,Survival
128,Judgment,Action Adventure
128,Judgment,Open-World
129,Microsoft Flight Simulator,Simulation
129,Microsoft Flight Simulator,Flight
129,Microsoft Flight Simulator,Civilian
130,Motorsport Manager,Action
130,Motorsport Manager,Simulation
130,Motorsport Manager,General
130,Motorsport Manager,Virtual
130,Motorsport Manager,Career
131,Layers of Fear,Adventure
131,Layers of Fear,3D
131,Layers of Fear,First-Person
132,Gang Beasts,Action
132,Gang Beasts,Miscellaneous
132,Gang Beasts,General
132,Gang Beasts,Party / Minigame
133,Dark Souls II,Action RPG
133,Dark Souls II,Role-Playing
134,Wolfenstein II: The New Colossus,Action
134,Wolfenstein II: The New Colossus,Shooter
134,Wolfenstein II: The New Colossus,First-Person
134,Wolfenstein II: The New Colossus,Arcade
136,Green Hell,Action
136,Green Hell,Action Adventure
136,Green Hell,Shooter
136,Green Hell,Survival
136,Green Hell,First-Person
136,Green Hell,Arcade
139,Dream Daddy: A Dad Dating Simulator,Simulation
139,Dream Daddy: A Dad Dating Simulator,Virtual
139,Dream Daddy: A Dad Dating Simulator,Virtual Life
140,SpongeBob SquarePants: Battle for Bikini Bottom - Rehydrated,Action
140,SpongeBob SquarePants: Battle for Bikini Bottom - Rehydrated,Platformer
140,SpongeBob SquarePants: Battle for Bikini Bottom - Rehydrated,3D
141,Gears 5,Action
141,Gears 5,Shooter
141,Gears 5,Third-Person
141,Gears 5,Arcade
142,The Bunker,Action
142,The Bunker,Adventure
142,The Bunker,General
142,The Bunker,Point-and-Click
143,Mass Effect: Andromeda,Action RPG
143,Mass Effect: Andromeda,Role-Playing
144,Call of Duty: Modern Warfare 3,Action
144,Call of Duty: Modern Warfare 3,Shooter
144,Call of Duty: Modern Warfare 3,First-Person
144,Call of Duty: Modern Warfare 3,Modern
144,Call of Duty: Modern Warfare 3,Arcade
145,Star Wars Battlefront,General
145,Star Wars Battlefront,Action
145,Star Wars Battlefront,Shooter
145,Star Wars Battlefront,First-Person
145,Star Wars Battlefront,Tactical
147,Mafia: Definitive Edition,Action Adventure
147,Mafia: Definitive Edition,Open-World
148,Little Nightmares II,Action Adventure
148,Little Nightmares II,Linear
149,Mortal Shell,Role-Playing
149,Mortal Shell,Action RPG
150,Octopath Traveler,Role-Playing
150,Octopath Traveler,Japanese-Style
151,Dishonored,Action Adventure
151,Dishonored,Modern
151,Dishonored,General
152,Aion,Role-Playing
152,Aion,Massively Multiplayer Online
152,Aion,Massively Multiplayer
152,Aion,Fantasy
153,Outward,Role-Playing
153,Outward,Action Adventure
153,Outward,General
153,Outward,Survival
153,Outward,Open-World
154,Borderlands,Action
154,Borderlands,Shooter
154,Borderlands,First-Person
154,Borderlands,Sci-Fi
154,Borderlands,Arcade
156,Sniper Elite 4,Action
156,Sniper Elite 4,Shooter
156,Sniper Elite 4,First-Person
156,Sniper Elite 4,Tactical
157,Conan Exiles,Action Adventure
157,Conan Exiles,Survival
158,The Medium,Action Adventure
158,The Medium,Survival
159,Metal Gear Solid V: The Phantom Pain,Action Adventure
159,Metal Gear Solid V: The Phantom Pain,Modern
159,Metal Gear Solid V: The Phantom Pain,Open-World
160,Darkwood,Action Adventure
160,Darkwood,Horror
160,Darkwood,Survival
161,Dragon Ball Z: Kakarot,Role-Playing
161,Dragon Ball Z: Kakarot,Action RPG
162,Kingdom Come: Deliverance,Action Adventure
162,Kingdom Come: Deliverance,General
162,Kingdom Come: Deliverance,Historic
162,Kingdom Come: Deliverance,Role-Playing
162,Kingdom Come: Deliverance,Action RPG
164,Apex Legends,Action
164,Apex Legends,Shooter
164,Apex Legends,First-Person
164,Apex Legends,Tactical
166,WWE 2K16,Sports
166,WWE 2K16,Individual
166,WWE 2K16,Combat
166,WWE 2K16,Wrestling
168,The Dark Pictures Anthology: Man of Medan,Action Adventure
168,The Dark Pictures Anthology: Man of Medan,Adventure
168,The Dark Pictures Anthology: Man of Medan,General
168,The Dark Pictures Anthology: Man of Medan,Survival
169,Firewatch,General
169,Firewatch,Adventure
169,Firewatch,3D
169,Firewatch,First-Person
170,Star Wars Battlefront II,Action
170,Star Wars Battlefront II,Shooter
170,Star Wars Battlefront II,First-Person
170,Star Wars Battlefront II,Sci-Fi
170,Star Wars Battlefront II,Arcade
171,Final Fantasy VIII,Role-Playing
171,Final Fantasy VIII,Console-style RPG
171,Final Fantasy VIII,Japanese-Style
172,The Witness,Miscellaneous
172,The Witness,Puzzle
172,The Witness,General
172,The Witness,Adventure
172,The Witness,3D
172,The Witness,First-Person
173,My Friend Pedro,Action
173,My Friend Pedro,Platformer
173,My Friend Pedro,2D
174,Resident Evil 3,Action Adventure
174,Resident Evil 3,Survival
179,Code Vein,Role-Playing
179,Code Vein,Action RPG
180,Duelyst,Fantasy
180,Duelyst,Strategy
180,Duelyst,Turn-Based
180,Duelyst,General
181,Dead by Daylight,Action Adventure
181,Dead by Daylight,Survival
183,NBA 2K21,Sports
183,NBA 2K21,Team
183,NBA 2K21,Basketball
183,NBA 2K21,Arcade
184,Naraka: Bladepoint,Action
184,Naraka: Bladepoint,Beat-'Em-Up
184,Naraka: Bladepoint,3D
185,Guild Wars 2,General
185,Guild Wars 2,Role-Playing
185,Guild Wars 2,Massively Multiplayer Online
185,Guild Wars 2,Massively Multiplayer
185,Guild Wars 2,Fantasy
186,Football Manager 2019,Sports
186,Football Manager 2019,Team
186,Football Manager 2019,Soccer
186,Football Manager 2019,Management
187,Dragon Ball FighterZ,Action
187,Dragon Ball FighterZ,Fighting
187,Dragon Ball FighterZ,2D
188,SoulCalibur VI,Action
188,SoulCalibur VI,Fighting
188,SoulCalibur VI,3D
189,Resident Evil Village,Action Adventure
189,Resident Evil Village,Survival
191,Farming Simulator 17,Simulation
191,Farming Simulator 17,Virtual
191,Farming Simulator 17,Career
195,War Thunder,Action
195,War Thunder,Simulation
195,War Thunder,Flight
195,War Thunder,Vehicle
195,War Thunder,Combat
196,Pathfinder: Kingmaker,Role-Playing
196,Pathfinder: Kingmaker,Action RPG
196,Pathfinder: Kingmaker,Western-Style
197,Star Wars Jedi: Fallen Order,Action
197,Star Wars Jedi: Fallen Order,Action Adventure
197,Star Wars Jedi: Fallen Order,General
198,Team Fortress 2,Action
198,Team Fortress 2,Shooter
198,Team Fortress 2,First-Person
198,Team Fortress 2,Modern
198,Team Fortress 2,Tactical
199,Dying Light,Horror
199,Dying Light,Action Adventure
199,Dying Light,Survival
200,Unravel,Action
200,Unravel,Platformer
200,Unravel,2D
201,Mafia II,Action Adventure
201,Mafia II,Historic
201,Mafia II,General
201,Mafia II,Open-World
202,Hades,Role-Playing
202,Hades,Action Adventure
202,Hades,General
202,Hades,Linear
202,Hades,Roguelike
203,Human: Fall Flat,Action Adventure
203,Human: Fall Flat,General
205,The King of Fighters XIV,Action
205,The King of Fighters XIV,Fighting
205,The King of Fighters XIV,2D
207,World of Tanks,First-Person
207,World of Tanks,Modern
207,World of Tanks,Action
207,World of Tanks,Simulation
207,World of Tanks,Shooter
207,World of Tanks,Vehicle
207,World of Tanks,Third-Person
207,World of Tanks,Combat
207,World of Tanks,Tactical
207,World of Tanks,Historic
208,Call of Duty 4: Modern Warfare,Action
208,Call of Duty 4: Modern Warfare,Shooter
208,Call of Duty 4: Modern Warfare,First-Person
208,Call of Duty 4: Modern Warfare,Modern
208,Call of Duty 4: Modern Warfare,Arcade
209,Watch Dogs 2,Action Adventure
209,Watch Dogs 2,Open-World
210,Metro: Last Light,Action
210,Metro: Last Light,Shooter
210,Metro: Last Light,First-Person
210,Metro: Last Light,Sci-Fi
210,Metro: Last Light,Arcade
211,Borderlands 2,Action
211,Borderlands 2,Shooter
211,Borderlands 2,First-Person
211,Borderlands 2,Sci-Fi
211,Borderlands 2,Arcade
212,Divinity: Original Sin II,Action RPG
212,Divinity: Original Sin II,Role-Playing
212,Divinity: Original Sin II,Western-Style
213,Deus Ex: Mankind Divided,Action Adventure
213,Deus Ex: Mankind Divided,General
214,Anno 1800,Strategy
214,Anno 1800,Management
214,Anno 1800,Government
215,Observer,Adventure
215,Observer,3D
215,Observer,First-Person
216,NBA 2K17,Sports
216,NBA 2K17,Team
216,NBA 2K17,Basketball
216,NBA 2K17,Sim
218,Bloodstained: Ritual of the Night,Action
218,Bloodstained: Ritual of the Night,Role-Playing
218,Bloodstained: Ritual of the Night,Platformer
218,Bloodstained: Ritual of the Night,Action RPG
218,Bloodstained: Ritual of the Night,2D
218,Bloodstained: Ritual of the Night,
218,Bloodstained: Ritual of the Night,Metroidvania
219,Life is Strange 2,Action Adventure
219,Life is Strange 2,General
220,Battleborn,Sci-Fi
220,Battleborn,Action
220,Battleborn,Shooter
220,Battleborn,First-Person
220,Battleborn,Tactical
220,Battleborn,Arcade
221,Remnant: From the Ashes,Action
221,Remnant: From the Ashes,Shooter
221,Remnant: From the Ashes,Third-Person
221,Remnant: From the Ashes,Arcade
222,Knockout City,Action
222,Knockout City,General
222,Knockout City,Sports
222,Knockout City,Team
222,Knockout City,Other
224,Layers of Fear 2,Action Adventure
224,Layers of Fear 2,Survival
225,Final Fantasy IV,Role-Playing
225,Final Fantasy IV,Console-style RPG
225,Final Fantasy IV,Japanese-Style
226,Genshin Impact,Role-Playing
226,Genshin Impact,Action RPG
227,Dead Rising 4,Action Adventure
227,Dead Rising 4,Open-World
228,Rust,Historic
228,Rust,Action Adventure
228,Rust,Survival
229,Bayonetta,Action Adventure
229,Bayonetta,Linear
230,Necropolis,Action Adventure
230,Necropolis,General
232,Call of Duty: WWII,Action
232,Call of Duty: WWII,Shooter
232,Call of Duty: WWII,First-Person
232,Call of Duty: WWII,Arcade
233,Final Fantasy XII: The Zodiac Age,Role-Playing
233,Final Fantasy XII: The Zodiac Age,Japanese-Style
234,Watch Dogs: Legion,Action Adventure
234,Watch Dogs: Legion,Open-World
235,Ni no Kuni II: Revenant Kingdom,Role-Playing
235,Ni no Kuni II: Revenant Kingdom,Japanese-Style
236,Steep,Sports
236,Steep,Individual
236,Steep,Ski / Snowboard
238,Yakuza Kiwami,Action Adventure
238,Yakuza Kiwami,Open-World
239,Red Dead Redemption 2,Action Adventure
239,Red Dead Redemption 2,Open-World
240,Crusader Kings III,Strategy
240,Crusader Kings III,Real-Time
240,Crusader Kings III,General
243,Immortals Fenyx Rising,General
243,Immortals Fenyx Rising,Action Adventure
243,Immortals Fenyx Rising,Open-World
245,Call of Duty: Warzone,Action
245,Call of Duty: Warzone,Shooter
245,Call of Duty: Warzone,First-Person
245,Call of Duty: Warzone,Tactical
252,Bridge Constructor Portal,Simulation
252,Bridge Constructor Portal,Puzzle
252,Bridge Constructor Portal,Action
252,Bridge Constructor Portal,Virtual
252,Bridge Constructor Portal,Career
255,Granblue Fantasy: Versus,Action
255,Granblue Fantasy: Versus,Fighting
255,Granblue Fantasy: Versus,2D
256,Call of Duty: Modern Warfare Remastered,Arcade
256,Call of Duty: Modern Warfare Remastered,Action
256,Call of Duty: Modern Warfare Remastered,Shooter
256,Call of Duty: Modern Warfare Remastered,First-Person
256,Call of Duty: Modern Warfare Remastered,Tactical
257,Jurassic World Evolution,Strategy
257,Jurassic World Evolution,Management
257,Jurassic World Evolution,Business / Tycoon
258,Sea of Thieves,Role-Playing
258,Sea of Thieves,Action Adventure
258,Sea of Thieves,Massively Multiplayer
258,Sea of Thieves,Open-World
259,NBA 2K16,Action
259,NBA 2K16,General
259,NBA 2K16,Sports
259,NBA 2K16,Team
259,NBA 2K16,Basketball
259,NBA 2K16,Sim
260,Mirror's Edge Catalyst,Action
260,Mirror's Edge Catalyst,Shooter
260,Mirror's Edge Catalyst,First-Person
260,Mirror's Edge Catalyst,Modern
260,Mirror's Edge Catalyst,Action Adventure
260,Mirror's Edge Catalyst,General
263,Tales of Berseria,Japanese-Style
263,Tales of Berseria,Role-Playing
263,Tales of Berseria,Action RPG
264,The Sims 4,Virtual Life
264,The Sims 4,Simulation
264,The Sims 4,Miscellaneous
264,The Sims 4,Virtual
266,Naruto Shippuden: Ultimate Ninja Storm 4,Action
266,Naruto Shippuden: Ultimate Ninja Storm 4,Fighting
266,Naruto Shippuden: Ultimate Ninja Storm 4,3D
268,Anthem,Role-Playing
268,Anthem,Action RPG
270,Madden NFL 19,Sports
270,Madden NFL 19,Team
270,Madden NFL 19,Football
270,Madden NFL 19,Sim
273,Deus Ex: Human Revolution - Director's Cut,Action Adventure
273,Deus Ex: Human Revolution - Director's Cut,Sci-Fi
273,Deus Ex: Human Revolution - Director's Cut,General
275,Devil May Cry 5,Action Adventure
275,Devil May Cry 5,General
276,Resident Evil 2,Action Adventure
276,Resident Evil 2,Survival
277,Cyberpunk 2077,Action RPG
277,Cyberpunk 2077,Role-Playing
279,The Elder Scrolls: Legends,Miscellaneous
279,The Elder Scrolls: Legends,Board / Card Game
281,The Outer Worlds,Role-Playing
281,The Outer Worlds,Western-Style
282,The Surge,General
282,The Surge,Role-Playing
282,The Surge,Action RPG
284,Metal Gear Survive,Action Adventure
284,Metal Gear Survive,General
284,Metal Gear Survive,Survival
285,Into the Breach,Strategy
285,Into the Breach,Turn-Based
285,Into the Breach,General
285,Into the Breach,Tactics
286,Enter the Gungeon,Action
286,Enter the Gungeon,General
286,Enter the Gungeon,Shooter
286,Enter the Gungeon,Shoot-'Em-Up
286,Enter the Gungeon,Top-Down
287,Destiny 2,Action
287,Destiny 2,Shooter
287,Destiny 2,First-Person
287,Destiny 2,Arcade
288,Sonic Mania,Action
288,Sonic Mania,Platformer
288,Sonic Mania,2D
289,Doki Doki Literature Club!,Adventure
289,Doki Doki Literature Club!,Visual Novel
290,Chivalry 2,Action
290,Chivalry 2,Beat-'Em-Up
290,Chivalry 2,3D
291,Overwatch,General
291,Overwatch,Action
291,Overwatch,Shooter
291,Overwatch,First-Person
291,Overwatch,Tactical
292,Half-Life: Alyx,Action
292,Half-Life: Alyx,Shooter
292,Half-Life: Alyx,First-Person
292,Half-Life: Alyx,Arcade
293,Divinity: Original Sin,Action RPG
293,Divinity: Original Sin,Role-Playing
293,Divinity: Original Sin,Western-Style
294,NBA 2K15,Sports
294,NBA 2K15,Traditional
294,NBA 2K15,Team
294,NBA 2K15,Basketball
294,NBA 2K15,Sim
295,The Elder Scrolls IV: Oblivion,Role-Playing
295,The Elder Scrolls IV: Oblivion,First-Person
295,The Elder Scrolls IV: Oblivion,Western-Style
296,Tribes of Midgard,Role-Playing
296,Tribes of Midgard,Action RPG
297,Maneater,Action Adventure
297,Maneater,General
297,Maneater,Open-World
298,Yooka-Laylee,Action
298,Yooka-Laylee,Platformer
298,Yooka-Laylee,3D
299,Gears of War: Ultimate Edition,Action
299,Gears of War: Ultimate Edition,Shooter
299,Gears of War: Ultimate Edition,Third-Person
299,Gears of War: Ultimate Edition,Arcade
301,Neverwinter,Role-Playing
301,Neverwinter,General
301,Neverwinter,Massively Multiplayer Online
301,Neverwinter,Massively Multiplayer
301,Neverwinter,Fantasy
302,Elite: Dangerous,Sci-Fi
302,Elite: Dangerous,Large Spaceship
302,Elite: Dangerous,Simulation
302,Elite: Dangerous,Space
302,Elite: Dangerous,Civilian
303,White Day: A Labyrinth Named School,Action Adventure
303,White Day: A Labyrinth Named School,Survival
304,Two Point Hospital,Simulation
304,Two Point Hospital,Strategy
304,Two Point Hospital,Management
304,Two Point Hospital,Virtual
304,Two Point Hospital,Career
304,Two Point Hospital,Business / Tycoon
306,Killer Instinct,Action
306,Killer Instinct,Fighting
306,Killer Instinct,2D
307,Frostpunk,Strategy
307,Frostpunk,Action Adventure
307,Frostpunk,Management
307,Frostpunk,Survival
307,Frostpunk,Government
308,Risk of Rain 2,Action
308,Risk of Rain 2,Shooter
308,Risk of Rain 2,Third-Person
308,Risk of Rain 2,Arcade
312,Hollow Knight,Action
312,Hollow Knight,Action Adventure
312,Hollow Knight,General
312,Hollow Knight,Platformer
312,Hollow Knight,
312,Hollow Knight,Metroidvania
313,Celeste,Action
313,Celeste,Platformer
313,Celeste,2D
314,Wolfenstein: Youngblood,Action
314,Wolfenstein: Youngblood,Shooter
314,Wolfenstein: Youngblood,First-Person
314,Wolfenstein: Youngblood,Arcade
315,Metro Exodus,Action
315,Metro Exodus,Shooter
315,Metro Exodus,First-Person
315,Metro Exodus,Arcade
316,Final Fantasy VII,Role-Playing
316,Final Fantasy VII,Console-style RPG
316,Final Fantasy VII,Japanese-Style
319,Friday the 13th: The Game,Horror
319,Friday the 13th: The Game,Action Adventure
319,Friday the 13th: The Game,Survival
320,Call of Duty: Black Ops II,Action
320,Call of Duty: Black Ops II,Shooter
320,Call of Duty: Black Ops II,First-Person
320,Call of Duty: Black Ops II,Historic
320,Call of Duty: Black Ops II,Modern
320,Call of Duty: Black Ops II,Arcade
321,Monster Hunter Rise,Role-Playing
321,Monster Hunter Rise,Action RPG
322,Jump Force,Action Adventure
322,Jump Force,General
322,Jump Force,Action
322,Jump Force,Fighting
322,Jump Force,3D
323,Quantum Break,Action
323,Quantum Break,General
324,Mass Effect 2,Role-Playing
324,Mass Effect 2,Action RPG
326,For Honor,Action Adventure
326,For Honor,General
327,It Takes Two,Action Adventure
327,It Takes Two,Linear
328,F1 2020,Racing
328,F1 2020,Simulation
328,F1 2020,Automobile
329,Resident Evil 5,Action Adventure
329,Resident Evil 5,Horror
329,Resident Evil 5,Survival
330,Slime Rancher,Action
330,Slime Rancher,Action Adventure
330,Slime Rancher,Shooter
330,Slime Rancher,Open-World
330,Slime Rancher,First-Person
330,Slime Rancher,Arcade
331,Overcooked! 2,Action
331,Overcooked! 2,Arcade
332,Grand Theft Auto V,Modern
332,Grand Theft Auto V,Action Adventure
332,Grand Theft Auto V,Open-World
333,Assassin's Creed Odyssey,Action Adventure
333,Assassin's Creed Odyssey,Open-World
335,The End Is Nigh,Action
335,The End Is Nigh,Platformer
335,The End Is Nigh,2D
336,Farming Simulator 19,Simulation
336,Farming Simulator 19,Virtual
336,Farming Simulator 19,Career
337,Grand Theft Auto: San Andreas,Action Adventure
337,Grand Theft Auto: San Andreas,Modern
337,Grand Theft Auto: San Andreas,Open-World
338,Forza Horizon 4,Racing
338,Forza Horizon 4,Simulation
338,Forza Horizon 4,Automobile
340,Sid Meier's Civilization V,Strategy
340,Sid Meier's Civilization V,Turn-Based
340,Sid Meier's Civilization V,Historic
340,Sid Meier's Civilization V,4X
341,Outlast 2,Action Adventure
341,Outlast 2,Survival
342,Pillars of Eternity II: Deadfire,Role-Playing
342,Pillars of Eternity II: Deadfire,Western-Style
344,Warhammer: Vermintide 2,Action
344,Warhammer: Vermintide 2,Shooter
344,Warhammer: Vermintide 2,First-Person
344,Warhammer: Vermintide 2,Arcade
345,Final Fantasy XIV: Heavensward,Massively Multiplayer Online
345,Final Fantasy XIV: Heavensward,Fantasy
345,Final Fantasy XIV: Heavensward,Role-Playing
345,Final Fantasy XIV: Heavensward,Massively Multiplayer
348,Path of Exile,Action RPG
348,Path of Exile,Role-Playing
351,Gigantic,Strategy
351,Gigantic,Real-Time
351,Gigantic,MOBA
353,Sekiro: Shadows Die Twice,Action Adventure
353,Sekiro: Shadows Die Twice,General
356,The Escapists 2,Action
356,The Escapists 2,General
362,INSIDE,Action
362,INSIDE,Platformer
362,INSIDE,2D
364,Fallout 4,General
364,Fallout 4,Role-Playing
364,Fallout 4,Western-Style
365,Furi,Action
365,Furi,Action Adventure
365,Furi,General
365,Furi,Fighting
365,Furi,3D
366,No Man's Sky,Action
366,No Man's Sky,General
366,No Man's Sky,Action Adventure
366,No Man's Sky,Open-World
367,Absolver,Role-Playing
367,Absolver,Action RPG
368,Blasphemous,Action
368,Blasphemous,Action Adventure
368,Blasphemous,Platformer
368,Blasphemous,Open-World
368,Blasphemous,
368,Blasphemous,Metroidvania
369,SMITE,Role-Playing
369,SMITE,Strategy
369,SMITE,Real-Time
369,SMITE,Massively Multiplayer Online
369,SMITE,Fantasy
369,SMITE,MOBA
370,NieR: Automata,Role-Playing
370,NieR: Automata,Action RPG
371,Diablo II,Role-Playing
371,Diablo II,Action RPG
373,Counter-Strike: Global Offensive,Action
373,Counter-Strike: Global Offensive,Shooter
373,Counter-Strike: Global Offensive,First-Person
373,Counter-Strike: Global Offensive,Modern
373,Counter-Strike: Global Offensive,Tactical
375,Mass Effect 3,Role-Playing
375,Mass Effect 3,Action RPG
377,Evolve,Action
377,Evolve,Shooter
377,Evolve,First-Person
377,Evolve,Sci-Fi
377,Evolve,Arcade
378,A Way Out,Action
378,A Way Out,Action Adventure
378,A Way Out,General
378,A Way Out,Linear
380,Little Nightmares,General
380,Little Nightmares,Action Adventure
380,Little Nightmares,Linear
381,Horizon Zero Dawn,Role-Playing
381,Horizon Zero Dawn,Action Adventure
381,Horizon Zero Dawn,Action RPG
381,Horizon Zero Dawn,Open-World
382,Tekken 7,Action
382,Tekken 7,Fighting
382,Tekken 7,3D
383,They Are Billions,Strategy
383,They Are Billions,Real-Time
383,They Are Billions,Defense
384,Beat Saber,Action
384,Beat Saber,Rhythm
384,Beat Saber,General
384,Beat Saber,Music
386,Dishonored 2,Action Adventure
386,Dishonored 2,General
387,Resident Evil,Action Adventure
387,Resident Evil,Horror
387,Resident Evil,Survival
388,GreedFall,Role-Playing
388,GreedFall,Action RPG
389,Salt and Sanctuary,Action
389,Salt and Sanctuary,Platformer
389,Salt and Sanctuary,2D
389,Salt and Sanctuary,
389,Salt and Sanctuary,Metroidvania
390,Wasteland 3,Role-Playing
390,Wasteland 3,Western-Style
391,Dark Souls III,Role-Playing
391,Dark Souls III,Action RPG
392,Minecraft Dungeons,Action Adventure
392,Minecraft Dungeons,Open-World
392,Minecraft Dungeons,Role-Playing
392,Minecraft Dungeons,Action RPG
394,The Elder Scrolls III: Morrowind,Role-Playing
394,The Elder Scrolls III: Morrowind,First-Person
394,The Elder Scrolls III: Morrowind,Western-Style
396,FIFA 17,Sports
396,FIFA 17,Team
396,FIFA 17,Soccer
396,FIFA 17,Sim
397,XCOM: Enemy Within,Sci-Fi
397,XCOM: Enemy Within,Strategy
397,XCOM: Enemy Within,Turn-Based
397,XCOM: Enemy Within,General
397,XCOM: Enemy Within,Tactics
398,World War Z,Action
398,World War Z,Shooter
398,World War Z,First-Person
398,World War Z,Third-Person
398,World War Z,Tactical
400,Bugsnax,Action
400,Bugsnax,General
400,Bugsnax,Action Adventure
400,Bugsnax,Adventure
400,Bugsnax,3D
400,Bugsnax,Open-World
400,Bugsnax,First-Person
403,Mortal Kombat 11,Action
403,Mortal Kombat 11,Fighting
403,Mortal Kombat 11,2D
405,Yakuza: Like a Dragon,Role-Playing
405,Yakuza: Like a Dragon,Japanese-Style
406,Farming Simulator 15,Simulation
406,Farming Simulator 15,General
406,Farming Simulator 15,Virtual
406,Farming Simulator 15,Career
407,Call of Duty: Black Ops 4,Action
407,Call of Duty: Black Ops 4,Shooter
407,Call of Duty: Black Ops 4,First-Person
407,Call of Duty: Black Ops 4,Tactical
408,Untitled Goose Game,Simulation
408,Untitled Goose Game,Action Adventure
408,Untitled Goose Game,General
408,Untitled Goose Game,Open-World
409,Darkest Dungeon,Role-Playing
409,Darkest Dungeon,General
410,Sid Meier's Civilization VI,Strategy
410,Sid Meier's Civilization VI,Turn-Based
410,Sid Meier's Civilization VI,4X
411,Forza Horizon 3,Racing
411,Forza Horizon 3,Simulation
411,Forza Horizon 3,Automobile
412,Pathfinder: Wrath of the Righteous,Role-Playing
412,Pathfinder: Wrath of the Righteous,Action RPG
414,New World,Role-Playing
414,New World,General
415,Titanfall 2,Action
415,Titanfall 2,Shooter
415,Titanfall 2,First-Person
415,Titanfall 2,Arcade
416,Monster Hunter Stories 2: Wings of Ruin,Role-Playing
416,Monster Hunter Stories 2: Wings of Ruin,Japanese-Style
417,Europa Universalis IV,Strategy
417,Europa Universalis IV,Real-Time
417,Europa Universalis IV,Historic
417,Europa Universalis IV,General
418,Arma 3,Simulation
418,Arma 3,General
419,Outriders,Action
419,Outriders,Shooter
419,Outriders,Third-Person
419,Outriders,Arcade
420,Life is Strange,Action Adventure
420,Life is Strange,Sci-Fi
420,Life is Strange,General
421,Death Stranding,Action
421,Death Stranding,Action Adventure
421,Death Stranding,General
421,Death Stranding,Open-World
423,Ori and the Will of the Wisps,Action
423,Ori and the Will of the Wisps,Platformer
423,Ori and the Will of the Wisps,2D
423,Ori and the Will of the Wisps,
423,Ori and the Will of the Wisps,Metroidvania
425,The Evil Within,Horror
425,The Evil Within,Action Adventure
425,The Evil Within,Survival
427,Cities: Skylines,City Building
427,Cities: Skylines,Modern
427,Cities: Skylines,Strategy
427,Cities: Skylines,Management
427,Cities: Skylines,Government
428,EVE Online,Role-Playing
428,EVE Online,Massively Multiplayer Online
428,EVE Online,Massively Multiplayer
428,EVE Online,Sci-Fi
430,Kena: Bridge of Spirits,Action Adventure
430,Kena: Bridge of Spirits,General
430,Kena: Bridge of Spirits,Open-World
431,Gears of War 4,Action
431,Gears of War 4,Shooter
431,Gears of War 4,Third-Person
431,Gears of War 4,Arcade
433,NBA 2K22,Sports
433,NBA 2K22,Team
433,NBA 2K22,Basketball
433,NBA 2K22,Sim
434,Hearts of Iron IV,Historic
434,Hearts of Iron IV,Strategy
434,Hearts of Iron IV,Real-Time
434,Hearts of Iron IV,General
436,Among Us,Action Adventure
436,Among Us,General
436,Among Us,Survival
437,Street Fighter V,Action
437,Street Fighter V,Fighting
437,Street Fighter V,2D
438,Football Manager 2018,Sports
438,Football Manager 2018,Team
438,Football Manager 2018,Football
438,Football Manager 2018,Sim
439,OVERKILL's The Walking Dead,Sci-Fi
439,OVERKILL's The Walking Dead,Action
439,OVERKILL's The Walking Dead,Shooter
439,OVERKILL's The Walking Dead,First-Person
439,OVERKILL's The Walking Dead,Arcade
440,Hunt: Showdown,Sci-Fi
440,Hunt: Showdown,Third-Person
440,Hunt: Showdown,Arcade
440,Hunt: Showdown,Action
440,Hunt: Showdown,Shooter
440,Hunt: Showdown,First-Person
440,Hunt: Showdown,Tactical
441,Albion Online,Role-Playing
441,Albion Online,Massively Multiplayer Online
441,Albion Online,Massively Multiplayer
441,Albion Online,Historic
443,A Plague Tale: Innocence,Action Adventure
443,A Plague Tale: Innocence,General
443,A Plague Tale: Innocence,Linear
444,Far Cry 5,Action
444,Far Cry 5,Shooter
444,Far Cry 5,First-Person
444,Far Cry 5,Arcade
445,Aliens: Fireteam Elite,Action
445,Aliens: Fireteam Elite,Shooter
445,Aliens: Fireteam Elite,Third-Person
445,Aliens: Fireteam Elite,Tactical
447,XCOM 2,Strategy
447,XCOM 2,Turn-Based
447,XCOM 2,General
447,XCOM 2,Tactics
449,World of Warships,General
449,World of Warships,Action
449,World of Warships,Simulation
449,World of Warships,Marine
449,World of Warships,Combat
450,Attack on Titan,Action
450,Attack on Titan,Beat-'Em-Up
450,Attack on Titan,3D
452,The Long Dark,Simulation
452,The Long Dark,Action Adventure
452,The Long Dark,General
452,The Long Dark,Survival
453,XCOM 2: War of the Chosen,Strategy
453,XCOM 2: War of the Chosen,Turn-Based
453,XCOM 2: War of the Chosen,Tactics
454,Assassin's Creed Origins,Miscellaneous
454,Assassin's Creed Origins,Action Adventure
454,Assassin's Creed Origins,Edutainment
454,Assassin's Creed Origins,Open-World
455,Ashen,Role-Playing
455,Ashen,Action Adventure
455,Ashen,Action RPG
455,Ashen,Open-World
456,Subnautica,Action Adventure
456,Subnautica,Adventure
456,Subnautica,General
456,Subnautica,Sandbox
459,Monster Hunter: World,Role-Playing
459,Monster Hunter: World,Action RPG
460,Chrono Trigger,Role-Playing
460,Chrono Trigger,Japanese-Style
463,The Surge 2,Role-Playing
463,The Surge 2,Action RPG
464,Stellaris,Strategy
464,Stellaris,Real-Time
464,Stellaris,General
466,Tom Clancy's Ghost Recon: Breakpoint,Action Adventure
466,Tom Clancy's Ghost Recon: Breakpoint,Open-World
468,The Forest,Horror
468,The Forest,Action Adventure
468,The Forest,Survival
469,Call of Duty: Black Ops,Action
469,Call of Duty: Black Ops,Shooter
469,Call of Duty: Black Ops,First-Person
469,Call of Duty: Black Ops,Historic
469,Call of Duty: Black Ops,Tactical
469,Call of Duty: Black Ops,Arcade
470,FIFA 16,Sports
470,FIFA 16,Team
470,FIFA 16,Soccer
470,FIFA 16,Sim
471,We Happy Few,Action Adventure
471,We Happy Few,General
473,FIFA 19,Sports
473,FIFA 19,Team
473,FIFA 19,Soccer
473,FIFA 19,Sim
474,Surviving Mars,Strategy
474,Surviving Mars,Management
474,Surviving Mars,Government
475,Tom Clancy's Ghost Recon: Wildlands,Action Adventure
475,Tom Clancy's Ghost Recon: Wildlands,Open-World
477,SUPERHOT,Modern
477,SUPERHOT,Action
477,SUPERHOT,Shooter
477,SUPERHOT,First-Person
477,SUPERHOT,Tactical
477,SUPERHOT,Arcade
478,The Sinking City,Horror
478,The Sinking City,Action Adventure
478,The Sinking City,Survival
479,Fortnite,Action
479,Fortnite,General
479,Fortnite,Shooter
479,Fortnite,Third-Person
479,Fortnite,Tactical
481,Dota 2,General
481,Dota 2,Fantasy
481,Dota 2,MOBA
481,Dota 2,Strategy
481,Dota 2,Real-Time
482,Battlerite,Strategy
482,Battlerite,Real-Time
482,Battlerite,MOBA
483,Forager,Action Adventure
483,Forager,General
484,BioShock: The Collection,Action
484,BioShock: The Collection,Miscellaneous
484,BioShock: The Collection,Shooter
484,BioShock: The Collection,Compilation
484,BioShock: The Collection,First-Person
484,BioShock: The Collection,Arcade
485,Dead Cells,Action
485,Dead Cells,Platformer
485,Dead Cells,2D
486,Godfall,Role-Playing
486,Godfall,Action RPG
488,Diablo II: Lord of Destruction,Role-Playing
488,Diablo II: Lord of Destruction,Action RPG
489,Artifact,Strategy
489,Artifact,Turn-Based
489,Artifact,Card Battle
491,Borderlands 3,Action
491,Borderlands 3,Shooter
491,Borderlands 3,First-Person
491,Borderlands 3,Arcade
492,Final Fantasy XIV Online,Role-Playing
492,Final Fantasy XIV Online,Massively Multiplayer Online
492,Final Fantasy XIV Online,Massively Multiplayer
492,Final Fantasy XIV Online,Fantasy
493,Marvel's Avengers,Action
493,Marvel's Avengers,General
494,Just Cause 4,Action Adventure
494,Just Cause 4,Open-World
495,Diablo II: Resurrected,Role-Playing
495,Diablo II: Resurrected,Action RPG
496,Moonlighter,Role-Playing
496,Moonlighter,Action RPG
497,Life is Strange: True Colors,Action Adventure
497,Life is Strange: True Colors,General
498,Battlefield 4,Action
498,Battlefield 4,Shooter
498,Battlefield 4,First-Person
498,Battlefield 4,Modern
498,Battlefield 4,Arcade
499,Warframe,General
499,Warframe,Shooter
499,Warframe,Sci-Fi
499,Warframe,Action
499,Warframe,Third-Person
499,Warframe,Arcade
501,Hand of Fate 2,Miscellaneous
501,Hand of Fate 2,Board / Card Game
503,Tom Clancy's Rainbow Six Siege,Modern
503,Tom Clancy's Rainbow Six Siege,Action
503,Tom Clancy's Rainbow Six Siege,Shooter
503,Tom Clancy's Rainbow Six Siege,First-Person
503,Tom Clancy's Rainbow Six Siege,Tactical
505,Hyper Scape,Action
505,Hyper Scape,Shooter
505,Hyper Scape,First-Person
505,Hyper Scape,Tactical
506,Diablo III,Role-Playing
506,Diablo III,Action RPG
507,Hello Neighbor,Action
507,Hello Neighbor,Adventure
507,Hello Neighbor,General
507,Hello Neighbor,3D
507,Hello Neighbor,First-Person
508,Hellblade: Senua's Sacrifice,Action Adventure
508,Hellblade: Senua's Sacrifice,General
509,State of Decay 2,Action Adventure
509,State of Decay 2,Survival
509,State of Decay 2,Open-World
511,7 Days to Die,Action
511,7 Days to Die,Action Adventure
511,7 Days to Die,Shooter
511,7 Days to Die,Survival
511,7 Days to Die,Sandbox
511,7 Days to Die,First-Person
511,7 Days to Die,Modern
511,7 Days to Die,Arcade
512,FIFA 18,Sports
512,FIFA 18,Team
512,FIFA 18,Soccer
512,FIFA 18,Sim
514,Power Rangers: Battle for the Grid,Action
514,Power Rangers: Battle for the Grid,Platformer
514,Power Rangers: Battle for the Grid,Fighting
514,Power Rangers: Battle for the Grid,2D
515,Marvel's Spider-Man: Miles Morales,Action Adventure
515,Marvel's Spider-Man: Miles Morales,Open-World
516,Minecraft,Action Adventure
516,Minecraft,Adventure
516,Minecraft,3D
516,Minecraft,Sandbox
516,Minecraft,First-Person
516,Minecraft,Fantasy
517,Need for Speed Heat,Racing
517,Need for Speed Heat,Arcade
517,Need for Speed Heat,Automobile
518,Wolcen: Lords of Mayhem,Action RPG
518,Wolcen: Lords of Mayhem,Role-Playing
521,Far Cry New Dawn,Action
521,Far Cry New Dawn,Shooter
521,Far Cry New Dawn,First-Person
521,Far Cry New Dawn,Arcade
